Name,Team,PA,BB%,K%,BB/K,Barrel%,HardHit%,AVG,OBP,SLG,OPS,ISO,Spd,BABIP,UBR,wGDP,wSB,wRC,wRAA,wOBA,wRC+,R,H,BB,HR,RBI,SB,qual_periods
Dylan Moore,SEA,-5,3.8000000000000007,12,-0.08000000000000002,20.1,-2.6000000000000014,0.11099999999999999,0.05299999999999999,0.30600000000000005,0.359,0.195,-3.8999999999999995,0.208,-0.09999999999999998,0,-0.8999999999999999,4,4.6,0.128,90,-4,4,1,1,3,-5,2
Rowdy Tellez,MIL,0,-4.799999999999999,3.200000000000001,-0.5,19.1,16.300000000000004,-0.06799999999999998,-0.09499999999999995,0.133,0.03700000000000003,0.20099999999999996,0.6000000000000001,-0.171,0,0,0.1,0,-0.6,-0.010999999999999954,-7,4,-3,-3,5,9,0,2
Brandon Nimmo,NYM,-4,3.000000000000001,3.6999999999999993,0.09000000000000002,14.2,11.5,-0.038000000000000006,-0.035999999999999976,0.07399999999999995,0.039000000000000035,0.11200000000000002,-1.2999999999999998,-0.07199999999999995,0,0,0,0,0.4999999999999998,0.01100000000000001,7,3,-3,2,3,3,0,2
Riley Greene,DET,49,-4,10.8,-0.72,14,26.2,-0.034,-0.05800000000000005,0.08199999999999996,0.02400000000000002,0.116,3.1999999999999997,-0.00599999999999995,0.2,-0.1,-1.1,6,0.10000000000000003,-0.006000000000000005,-3,5,10,5,1,6,1,2
Yadiel Hernandez,WSN,11,-3.4999999999999996,1.1999999999999993,-0.16,13.8,1.8000000000000043,-0.015000000000000013,-0.02899999999999997,0.20599999999999996,0.17700000000000005,0.221,-0.6,-0.06499999999999995,-0.20000000000000007,-0.09999999999999998,0,3,1.7999999999999998,0.056999999999999995,39,1,2,-1,2,6,0,2
Yordan Alvarez,HOU,-20,10.9,7.600000000000001,0.2500000000000001,13.1,4.899999999999999,-0.09199999999999997,-0.007000000000000006,-0.04800000000000004,-0.05600000000000005,0.04300000000000004,0,-0.07999999999999996,0,0,0.5,-6,-3.999999999999999,-0.03300000000000003,-24,-2,-11,3,-2,-14,0,2
Aaron Hicks,NYY,-10,4.699999999999999,0.5999999999999979,0.18999999999999995,13.099999999999998,2,0.017000000000000015,0.03600000000000003,0.192,0.22799999999999987,0.175,2.500000000000001,-0.0040000000000000036,0,0,0.5,1,2.8,0.08500000000000008,60,4,-2,1,1,-2,0,2
George Springer,TOR,6,0.5,-13.399999999999999,0.6700000000000002,13,4.5,0.017000000000000015,0.02799999999999997,0.12000000000000005,0.14800000000000002,0.10300000000000001,0.6000000000000005,-0.05100000000000002,0,0,0,4,3,0.05599999999999994,40,4,2,1,2,2,0,2
Joey Votto,CIN,-22,-0.8000000000000007,8,-0.19000000000000006,11.7,-1.1000000000000014,-0.034,-0.046999999999999986,0.04600000000000004,-0.0020000000000000018,0.079,0.4999999999999999,-0.018000000000000016,0.2,0,0.1,-3,-0.7000000000000001,-0.008999999999999952,-7,-1,-6,-3,0,0,0,2
Kyle Schwarber,PHI,-18,-8.9,8,-0.43999999999999995,11.7,3.6000000000000014,-0.057999999999999996,-0.119,0.03399999999999992,-0.08499999999999996,0.09100000000000003,-2.6,-0.137,0,0,-0.7,-6,-4,-0.04800000000000004,-32,-6,-6,-9,2,0,-2,2
Christopher Morel,CHC,-13,7.4,-1.5,0.19999999999999998,11.5,8.600000000000001,0.04600000000000001,0.10099999999999998,0.19099999999999995,0.29100000000000004,0.14499999999999996,-0.7000000000000002,0.06500000000000006,-0.10000000000000003,0,-0.2,5,6,0.119,81,2,-1,4,1,3,-1,2
Jackie Bradley Jr.,BOS,-22,2.7,5.600000000000001,0.07000000000000003,11.2,-8.7,-0.057999999999999996,-0.032,0.01100000000000001,-0.02200000000000002,0.06899999999999999,-0.7999999999999998,-0.05600000000000002,0,-0.1,-0.2,-1,1.8000000000000003,-0.010000000000000009,-7,2,-6,0,0,1,-1,2
Adam Duvall,ATL,-31,-10.9,-5.599999999999998,-0.3,11,1.6999999999999957,0.065,0.021999999999999964,0.2029999999999999,0.22499999999999998,0.138,2.5000000000000004,0.07100000000000001,-0.2,-0.1,-0.8,-2,1.9000000000000001,0.08500000000000002,58,-5,-3,-7,-2,-2,0,2
Eduardo Escobar,NYM,3,1.5000000000000002,-6.100000000000001,0.09000000000000002,10.6,-1.1000000000000014,-0.063,-0.026999999999999996,-0.039000000000000035,-0.06599999999999995,0.023999999999999994,-3.7,-0.132,0,0,0,0,-1,-0.019000000000000017,-13,-1,-3,1,2,-4,0,2
Justin Turner,LAD,-7,1.1999999999999993,3.3000000000000007,-0.05999999999999994,10.4,13.800000000000004,0.145,0.14899999999999997,0.32699999999999996,0.4760000000000001,0.182,-3.8000000000000003,0.14,0.1,0,-0.2,9,9.2,0.184,125,0,6,0,4,3,-1,2
Julio Rodriguez,SEA,-22,-2.3,-5.600000000000001,-0.040000000000000036,9.6,25.900000000000006,0.031000000000000028,-0.008000000000000007,0.06599999999999995,0.05699999999999994,0.034999999999999976,2.4000000000000004,0.0019999999999999463,0,0,-0.4,-3,-0.5000000000000004,0.015000000000000013,11,-2,-3,-3,-1,-2,0,2
Ramon Laureano,OAK,1,1.3999999999999995,11.2,-0.08999999999999997,9.3,-8.799999999999997,0.016000000000000014,0.025000000000000022,0.19300000000000006,0.21800000000000008,0.177,1.2000000000000002,-0.014000000000000012,0,0,-0.6,5,4.5,0.08099999999999996,57,9,1,1,5,9,1,2
Bo Bichette,TOR,-3,-1.0999999999999996,-2.900000000000002,-0.020000000000000018,8.9,12,0.02100000000000002,0.01200000000000001,-0.0019999999999999463,0.010000000000000009,-0.021999999999999992,-0.7999999999999998,0.03799999999999998,0,0,-0.39999999999999997,0,0.2999999999999998,0.003999999999999948,3,-4,1,-1,-2,-2,0,2
Ha-seong Kim,SDP,-27,9.2,-4.900000000000002,0.96,8.8,29.2,0.063,0.09400000000000003,0.13700000000000007,0.2300000000000001,0.07300000000000001,-4.2,0.04299999999999998,0,0,0.19999999999999998,1,3.5999999999999996,0.09500000000000003,64,-2,-4,2,1,-2,-1,2
Carson Kelly,ARI,7,-1.0999999999999996,-2.6999999999999993,0,8.7,21.400000000000002,0.19999999999999996,0.193,0.4999999999999999,0.6940000000000001,0.29999999999999993,0.7999999999999998,0.15599999999999997,0,-0.1,0,9,7.9,0.275,186,6,8,0,3,5,0,2
Garrett Cooper,MIA,-1,3.4000000000000004,5.399999999999999,0.07,8.5,-8.799999999999997,-0.10799999999999996,-0.09300000000000003,-0.0040000000000000036,-0.09800000000000009,0.10500000000000001,0,-0.15100000000000002,0,0,0.1,-3,-2.6,-0.05399999999999999,-37,0,-7,2,1,-2,0,2
Rhys Hoskins,PHI,-14,-2.9000000000000004,8.399999999999999,-0.36000000000000004,8.4,3.6999999999999957,-0.07399999999999995,-0.08900000000000008,-0.03500000000000003,-0.123,0.04099999999999998,-1.4999999999999998,-0.08899999999999997,0,0,0,-7,-4.700000000000001,-0.056999999999999995,-39,0,-8,-4,0,-6,0,2
Juan Yepez,STL,16,1,9.399999999999999,0,8.399999999999999,9.600000000000001,-0.09200000000000003,-0.07799999999999999,0.014999999999999958,-0.06499999999999995,0.10600000000000004,0.1,-0.135,-0.10000000000000003,0,0,1,-1.3,-0.03199999999999997,-22,3,-1,1,3,2,0,2
Rougned Odor,BAL,15,-0.6999999999999993,10.200000000000003,-0.15999999999999998,8.1,3.1000000000000014,0.133,0.10800000000000004,0.17,0.2769999999999999,0.037000000000000005,-1,0.21600000000000003,0,0,0.2,5,3.8,0.11399999999999999,80,2,8,1,1,1,1,2
Brandon Drury,CIN,5,0.8999999999999995,2.599999999999998,0.010000000000000009,8,3.299999999999997,0.01100000000000001,0.017000000000000015,-0.05300000000000005,-0.03599999999999992,-0.06399999999999995,4.7,0.08100000000000002,0,0,0.2,0,-0.3000000000000007,-0.013000000000000012,-9,-2,2,1,-3,3,1,2
Michael Perez,PIT,-1,6.5,-8.999999999999998,0.5,8,-24,0.057999999999999996,0.11099999999999999,0.28600000000000003,0.396,0.227,-0.30000000000000004,-0.023999999999999994,0,0,0,4,4.2,0.16599999999999995,112,2,1,2,2,4,0,2
Randy Arozarena,TBR,0,8.5,2.900000000000002,0.29000000000000004,7.8999999999999995,12.100000000000001,-0.03699999999999998,0,0.06700000000000006,0.06700000000000006,0.10400000000000002,1.5999999999999996,-0.06999999999999995,0,0,0.7999999999999999,1,1.4,0.02400000000000002,17,2,-3,6,2,0,4,2
Bryan De La Cruz,MIA,-3,-1.7000000000000002,7.399999999999999,-0.12,7.699999999999999,16.200000000000003,0.028000000000000025,0.014000000000000012,0.07800000000000007,0.09199999999999997,0.049000000000000016,-4.1,0.087,0,0,-0.4,1,1.4999999999999998,0.03400000000000003,23,-1,1,-1,-1,-2,-2,2
Max Stassi,LAA,-19,4.099999999999998,-0.1999999999999993,0.13999999999999996,7.4,5.4999999999999964,-0.031,0.03199999999999997,0.038000000000000006,0.07000000000000006,0.069,1.9,-0.08299999999999999,0,0.09999999999999998,0.1,0,2.2,0.036000000000000004,25,5,-4,-1,1,-1,0,2
Cal Raleigh,SEA,-12,-15.9,10.399999999999999,-0.8300000000000001,6.899999999999999,-5.600000000000001,-0.065,-0.201,-0.10599999999999998,-0.30700000000000005,-0.04099999999999998,6.7,-0.066,0.1,0,0.30000000000000004,-8,-6.8999999999999995,-0.14400000000000002,-100,-2,-4,-10,-1,4,1,2
J.D. Martinez,BOS,-12,-6.9,11.7,-0.58,6.799999999999999,8.100000000000001,0.0040000000000000036,-0.04299999999999993,-0.059,-0.10299999999999998,-0.063,0.7999999999999998,0.08199999999999996,0.09999999999999998,0.09999999999999998,0,-4,-2.5999999999999996,-0.04299999999999998,-30,-1,-1,-6,-2,1,0,2
Eugenio Suarez,SEA,-19,0.6999999999999993,-5.300000000000001,0.09000000000000002,6.700000000000001,10.3,0.03,0.02300000000000002,0.11800000000000005,0.14000000000000012,0.08800000000000001,0.6,-0.014000000000000012,0.10000000000000003,0,0,1,2.5,0.04999999999999999,36,3,-2,-2,1,5,0,2
Daulton Varsho,ARI,-11,7.199999999999999,-2.200000000000003,0.32,6.5,-6.5,0.033,0.07499999999999998,0.15400000000000003,0.22899999999999987,0.12,2.2,-0.0010000000000000009,-0.10000000000000003,0,-0.09999999999999998,4,5,0.09599999999999995,64,2,-1,4,2,9,0,2
Luis Urias,MIL,-6,-5.1000000000000005,-11,-0.030000000000000027,6.5,4.799999999999997,0.086,0.04199999999999998,0.256,0.29600000000000004,0.17,-1.5,0.0069999999999999785,0,0,-0.2,4,5.5,0.10199999999999995,69,5,4,-4,3,6,-1,2
Matt Chapman,TOR,5,-0.5,1.2000000000000028,-0.03,6.5,12.100000000000001,-0.062,-0.05499999999999999,-0.14100000000000001,-0.19600000000000006,-0.08000000000000002,-2,-0.09200000000000003,0.10000000000000003,0,0,-3,-4,-0.08099999999999996,-58,-7,-3,0,0,0,0,2
Manny Machado,SDP,-8,3.1999999999999993,16.3,-0.12000000000000005,6.499999999999998,2,-0.13499999999999998,-0.09799999999999998,-0.11399999999999999,-0.21200000000000008,0.02099999999999999,-0.6000000000000001,-0.14099999999999996,0,0,0.1,-4,-3.6,-0.07799999999999996,-53,-4,-9,1,0,-9,0,2
Randal Grichuk,COL,-6,-5,-8.3,-0.2,6.199999999999999,26.099999999999998,0.021999999999999992,-0.027999999999999997,0.11699999999999999,0.08999999999999986,0.095,1.4,0.0020000000000000018,0,0,0,1,1.5000000000000002,0.028000000000000025,19,2,1,-3,0,-6,0,2
Kyle Isbel,KCR,19,0.7999999999999998,6.5,-0.01999999999999999,6.1,12.100000000000001,0.07899999999999999,0.065,0.20800000000000002,0.2739999999999999,0.129,3.4000000000000004,0.07600000000000001,-0.09999999999999998,-0.09999999999999998,0.4,4,2.3,0.10500000000000004,74,3,6,1,2,3,2,2
Kole Calhoun,TEX,3,8.100000000000001,1.8000000000000007,0.26,6,1.2999999999999972,0.018000000000000016,0.07100000000000004,0.12700000000000006,0.19799999999999995,0.10900000000000003,4.3999999999999995,0.010000000000000009,0,0,0.2,4,4,0.087,61,7,1,5,2,4,1,2
Keibert Ruiz,WSN,-10,0.7999999999999998,2.3000000000000007,0,5.9,-4.900000000000002,0.018000000000000016,0.03799999999999998,0.04500000000000004,0.08399999999999996,0.02700000000000001,3.5,0.026000000000000023,0,0,0.2,1,1.7000000000000002,0.03799999999999998,25,1,-2,0,0,1,1,2
Mike Moustakas,CIN,8,-5.8999999999999995,42.5,-0.71,5.800000000000001,25.10000000000001,-0.13599999999999998,-0.15099999999999997,-0.013000000000000012,-0.16400000000000003,0.12300000000000003,-4.9,-0.038999999999999924,0,0,-0.2,-2,-2.8,-0.07899999999999999,-54,-3,-3,-2,2,1,-1,2
Francisco Mejia,TBR,-10,2.6,14.900000000000002,0.08,5.5,4.5,0.04100000000000001,0.060000000000000026,0.08400000000000002,0.14500000000000002,0.04299999999999998,-1.1,0.09199999999999997,0.1,0,0,1,2.4,0.064,45,-1,-1,1,1,4,0,2
Josh Harrison,CHW,7,5.300000000000001,-5.399999999999999,0.32,4.9,3.6999999999999993,-0.024999999999999967,-0.01100000000000001,0.04199999999999998,0.031000000000000028,0.068,-3.9999999999999996,-0.069,0,0,0,2,0.8,0.013000000000000012,9,-2,1,3,1,-1,0,2
Brad Miller,TEX,-5,-7.5,4,-0.30000000000000004,4.8999999999999995,7.600000000000001,0.011999999999999983,-0.05099999999999999,0.04300000000000001,-0.008999999999999952,0.031,0.5,0.02300000000000002,0,0,0,0,-0.10000000000000009,-0.019000000000000017,-13,-1,0,-3,0,-2,0,2
Josh Donaldson,NYY,0,0,-1.6000000000000014,0.009999999999999981,4.7,7.899999999999999,-0.02099999999999999,-0.03200000000000003,0.10000000000000009,0.06699999999999995,0.121,1.5,-0.08099999999999999,0,0,0.1,1,0.9,0.018000000000000016,12,4,-1,0,2,11,0,2
Ketel Marte,ARI,6,6.899999999999999,-1.3000000000000007,0.72,4.7,3.299999999999997,0.031000000000000028,0.061,0.131,0.19199999999999984,0.09899999999999998,-2.5,0,0,0,-0.6,5,3.7,0.07400000000000007,50,2,2,5,2,2,-1,2
David Peralta,ARI,4,6.299999999999999,-9.3,0.32,4.5,-7.100000000000001,0.018000000000000016,0.06599999999999998,0.039000000000000035,0.10499999999999998,0.01899999999999999,-3.9999999999999996,-0.029000000000000026,0,0,-0.2,1,1,0.032999999999999974,23,1,1,3,1,3,-1,2
Jesse Winker,SEA,-39,-21,-3.3999999999999986,-0.8200000000000001,4.5,-7.399999999999999,-0.09300000000000003,-0.218,-0.05399999999999999,-0.27100000000000013,0.03900000000000001,1.1,-0.189,0.3,-0.1,0.1,-11,-7.1,-0.128,-90,-4,-10,-17,-1,-4,0,2
Francisco Lindor,NYM,-4,4.5,-4.5,0.29000000000000004,4.399999999999999,-4.099999999999994,0.004999999999999977,0.030000000000000027,0.067,0.09699999999999998,0.06299999999999997,2.1999999999999997,-0.026999999999999996,0,0,0,1,2.3,0.03999999999999998,27,1,-1,3,1,-3,0,2
Gilberto Celestino,MIN,-4,-5.1,2.599999999999998,-0.25,4.2,-5.400000000000002,0.011999999999999983,-0.031,0.10699999999999998,0.07600000000000001,0.096,4.199999999999999,0.01899999999999999,0,0.1,0,1,0.7999999999999998,0.015999999999999986,12,2,0,-2,0,2,0,2
Jose Iglesias,COL,-4,-6.8,-4.199999999999999,-0.4,4.2,21.8,0.05399999999999999,0.0040000000000000036,0.23600000000000004,0.2410000000000001,0.18100000000000002,1.0000000000000002,0,0,0,0.5,4,4,0.08899999999999997,60,5,3,-4,3,11,0,2
Omar Narvaez,MIL,1,13.7,-6.1,1.1099999999999999,4.2,1.6000000000000014,0.025000000000000022,0.13199999999999998,0.16699999999999998,0.299,0.14200000000000002,-1,-0.013999999999999985,0,0,0,4,3.7,0.13299999999999995,90,0,0,5,1,2,0,2
Joc Pederson,SFG,-10,5.800000000000001,-10.7,0.42999999999999994,4.199999999999999,-7.399999999999999,-0.094,-0.05599999999999994,-0.2,-0.256,-0.10600000000000001,-0.3000000000000007,-0.10399999999999998,0,0,0.1,-6,-4.7,-0.11499999999999996,-77,-6,-7,2,-4,-7,0,2
Jonah Heim,TEX,1,-4,-8.1,-0.07999999999999996,4.199999999999999,15.299999999999997,0.10999999999999999,0.07099999999999995,0.05299999999999999,0.1250000000000001,-0.05500000000000002,-1.2000000000000002,0.11399999999999993,0,0,-0.30000000000000004,2,2.3,0.05499999999999999,39,5,6,-2,0,-3,-1,2
Josh Rojas,ARI,-7,3.5999999999999996,-5.100000000000001,0.26,4.199999999999999,26.3,0.16199999999999998,0.168,0.258,0.42800000000000005,0.096,-2.2,0.19500000000000003,-0.09999999999999998,-0.10000000000000003,0,9,9.8,0.17800000000000002,120,5,8,2,0,2,0,2
Nick Castellanos,PHI,-11,-6.5,2.400000000000002,-0.28,4.199999999999999,-12.5,0.05200000000000002,0.0020000000000000018,0.07199999999999995,0.07499999999999996,0.02000000000000001,2.7,0.06,0.1,0,0,0,1.7000000000000002,0.02400000000000002,17,1,2,-5,1,3,2,2
Jorge Alfaro,SDP,-10,-1.4000000000000004,24.700000000000003,-0.15000000000000002,4.100000000000001,-1.1999999999999957,-0.118,-0.12499999999999997,-0.382,-0.5069999999999999,-0.265,-0.10000000000000009,0.016000000000000014,0,-0.1,0,-10,-8.100000000000001,-0.20700000000000002,-140,-5,-8,-1,-3,-5,0,2
Wilmer Flores,SFG,-6,11.2,-3.3000000000000007,0.7999999999999999,4.1000000000000005,13.600000000000001,0.05500000000000002,0.11800000000000005,0.22599999999999998,0.345,0.17299999999999996,-0.8,0.035,0,0,0,6,6.300000000000001,0.137,93,0,0,6,1,1,0,2
Matt Reynolds,CIN,-13,11.2,15.3,0.22000000000000003,4.1,-4.5,0.06,0.162,0.03600000000000003,0.19799999999999995,-0.02500000000000001,-2.8000000000000003,0.274,-0.1,0,-0.2,2,3.1,0.09899999999999998,67,2,-2,3,-2,-4,-1,2
Anthony Rizzo,NYY,-37,1.799999999999999,2.8000000000000007,0,4,12,-0.01100000000000001,-0.006000000000000005,0.06499999999999995,0.05900000000000005,0.07599999999999996,-0.7000000000000002,0,0.09999999999999998,0,-0.7,-6,-2.0000000000000004,0.009000000000000008,6,-3,-8,-4,-3,-6,-2,2
J.T. Realmuto,PHI,-27,-3.1000000000000005,4.399999999999999,-0.24000000000000005,3.6999999999999993,10.799999999999997,0.062,0.013000000000000012,0.10400000000000004,0.118,0.04100000000000002,-1.9000000000000004,0.068,-0.09999999999999998,0,-0.5,-1,2.2,0.035999999999999976,24,-5,-2,-4,0,-2,-3,2
Trent Grisham,SDP,-18,7.6,0.40000000000000213,0.31000000000000005,3.6000000000000005,0,-0.033,0.020999999999999963,-0.05499999999999999,-0.03400000000000003,-0.02200000000000002,-2.1,-0.03799999999999998,-0.1,-0.09999999999999998,0,-2,0,-0.0050000000000000044,-4,-10,-6,3,-1,-4,0,2
Yoan Moncada,CHW,20,-5.699999999999999,0,-0.22999999999999998,3.6000000000000005,7.300000000000004,-0.069,-0.09299999999999997,-0.13000000000000006,-0.22299999999999986,-0.060000000000000026,-0.6000000000000001,-0.09399999999999997,0,0,0,-1,-3.1999999999999997,-0.08399999999999996,-59,-1,2,-1,0,3,0,2
Bobby Dalbec,BOS,-8,1.9000000000000004,12.5,-0.06999999999999995,3.5,-5.5,-0.056999999999999995,-0.02999999999999997,-0.10400000000000004,-0.134,-0.046999999999999986,1.9999999999999996,0.02300000000000002,0,0,0.1,-3,-1.8,-0.04799999999999993,-34,-3,-4,0,-1,-3,0,2
Jake Cronenworth,SDP,-16,-0.1999999999999993,5.899999999999999,-0.26,3.5,1.5999999999999943,-0.094,-0.10400000000000004,-0.14200000000000002,-0.246,-0.047000000000000014,-2.5,-0.10099999999999998,-0.09999999999999998,0,-0.2,-9,-7,-0.09900000000000003,-67,-8,-9,-2,0,-9,-1,2
Elvis Andrus,OAK,-6,9.6,5.1,0.42000000000000004,3.4000000000000004,-0.3000000000000007,0.11699999999999999,0.184,0.33899999999999997,0.5210000000000001,0.221,0.19999999999999973,0.10500000000000001,0,0,0.9,9,10.2,0.216,152,3,4,5,3,12,1,2
Whit Merrifield,KCR,-27,-0.1999999999999993,3.1999999999999993,-0.15000000000000002,3.3000000000000003,-15.399999999999999,0.047000000000000014,0.046999999999999986,0.20900000000000002,0.2550000000000001,0.16100000000000003,4.8999999999999995,0.04699999999999993,-0.1,0,0.2,2,5,0.09799999999999998,68,4,-3,-3,2,0,3,2
Cody Bellinger,LAD,-9,0.8999999999999995,-1.8999999999999986,0.04000000000000001,3.3,4.100000000000001,-0.017999999999999988,-0.01100000000000001,-0.04800000000000004,-0.05800000000000005,-0.029000000000000026,0.7000000000000002,-0.025000000000000022,-0.09999999999999998,0,-0.09999999999999998,-2,-0.7999999999999998,-0.02200000000000002,-15,3,-3,0,-1,-4,-1,2
Trevor Story,BOS,-12,-3.8999999999999995,-0.5,-0.12,3.3,-2.5,0.0020000000000000018,-0.034,0.128,0.09399999999999997,0.12700000000000003,-0.2999999999999998,-0.05700000000000002,-0.09999999999999998,0,-0.09999999999999998,0,1.7999999999999998,0.027000000000000024,18,-2,-2,-3,2,2,-1,2
MJ Melendez,KCR,-6,-11.799999999999999,12.400000000000002,-0.76,3.2,15.2,-0.008000000000000007,-0.10599999999999996,0.050000000000000044,-0.05599999999999994,0.059,2.3,-0.0010000000000000009,0,0,0.5,-3,-2.2,-0.043999999999999984,-31,0,0,-9,1,0,0,2
Jose Miranda,MIN,6,-2.8,-12.5,0.17000000000000004,3.000000000000001,-13.600000000000001,0.09399999999999997,0.08200000000000002,0.33999999999999997,0.42100000000000004,0.246,0.6,-0.01100000000000001,0,0,-0.5,7,6.6,0.16599999999999998,117,3,6,-1,4,11,0,2
Spencer Torkelson,DET,5,1.0999999999999996,10.099999999999998,-0.13,3,18.9,0.04000000000000001,0.061,0.10999999999999996,0.172,0.07,-0.10000000000000009,0.08299999999999999,0,0,-0.1,4,3.3,0.07400000000000004,52,2,3,1,1,1,0,2
Taylor Ward,LAA,9,8.700000000000001,2.700000000000003,0.29,3,4,-0.009000000000000008,0.05499999999999994,0.025999999999999968,0.08099999999999996,0.03499999999999999,0.3999999999999999,0.008000000000000007,0,0,0.2,3,1.7,0.03999999999999998,28,-5,0,6,0,2,1,2
Max Kepler,MIN,-8,-3,3.0999999999999996,-0.4700000000000001,2.9000000000000004,-2,0.07500000000000001,0.056999999999999995,0.139,0.19600000000000006,0.065,0.19999999999999996,0.08599999999999997,0,0,-0.4,3,4,0.07699999999999996,54,-1,3,-3,1,0,0,2
Bryan Reynolds,PIT,-20,8.8,-3.599999999999998,0.4599999999999999,2.8999999999999995,7.100000000000001,-0.04499999999999993,0.04400000000000004,-0.03299999999999992,0.01200000000000001,0.011999999999999983,-3.5,-0.06400000000000006,0,0,0.4,-3,-0.5,0.020000000000000018,13,-4,-10,4,-1,-2,0,2
Maikel Franco,WSN,-16,1.4,-4,0.12000000000000002,2.8999999999999995,-2.8000000000000007,-0.07699999999999999,-0.017000000000000015,-0.125,-0.14100000000000001,-0.048,1.9,-0.09,0,0.10000000000000003,0,-3,-0.40000000000000036,-0.04400000000000001,-30,0,-6,0,-1,-2,0,2
Juan Soto,WSN,-6,13.200000000000003,-3.5999999999999996,1.8399999999999999,2.8000000000000007,12.200000000000003,0.262,0.27899999999999997,0.5000000000000001,0.778,0.23800000000000002,-1.7,0.256,0,0.09999999999999998,0.19999999999999998,13,13.799999999999999,0.282,191,6,9,7,3,0,-1,2
Max Muncy,LAD,7,-0.3000000000000007,7,-0.22000000000000008,2.8000000000000007,20,-0.07300000000000001,-0.06999999999999995,0.018000000000000016,-0.052000000000000046,0.091,3.6999999999999997,-0.11700000000000002,0,0,0.30000000000000004,-1,-1.7000000000000002,-0.035999999999999976,-24,3,-3,1,1,1,1,2
Starling Marte,NYM,-4,0.5999999999999996,-2.6999999999999993,0.13000000000000006,2.8000000000000007,0.9000000000000057,0.10699999999999998,0.08800000000000002,0.247,0.3350000000000001,0.14,-4,0.08400000000000007,0,0,0.19999999999999998,5,5.2,0.13,88,-9,4,0,2,1,1,2
Tony Kemp,OAK,-8,-2.500000000000001,13.100000000000001,-0.5800000000000001,2.8,10.399999999999999,-0.12300000000000001,-0.131,-0.23399999999999996,-0.365,-0.111,1.1000000000000005,-0.10300000000000002,0,0,0,-7,-6,-0.14900000000000002,-105,-3,-7,-2,-1,-1,0,2
Mike Yastrzemski,SFG,-13,-4.4,-10.099999999999998,-0.03999999999999998,2.6000000000000005,0,0.027999999999999997,0.006000000000000005,0.01799999999999996,0.02400000000000002,-0.009999999999999981,5.699999999999999,0.02099999999999999,-0.1,0,0.2,0,0.9999999999999998,0.008000000000000007,6,-1,0,-4,-1,1,1,2
Adam Frazier,SEA,-16,-9.9,4.699999999999999,-1.19,2.6,6,0.127,0.038000000000000034,0.19099999999999998,0.22899999999999998,0.063,-0.10000000000000009,0.13499999999999998,-0.10000000000000003,0,-0.4,3,4.6,0.07700000000000001,54,2,5,-7,1,-1,0,2
Jose Abreu,CHW,-8,-10.2,-2.3000000000000007,-0.6,2.5999999999999996,-9.899999999999999,0.14900000000000002,0.068,0.18799999999999994,0.257,0.03899999999999998,0.10000000000000009,0.16200000000000003,-0.09999999999999998,0,0,4,5.5,0.09700000000000003,68,1,11,-9,0,2,0,2
Luis Rengifo,LAA,2,-0.10000000000000009,6.199999999999999,-0.06,2.5,0.8999999999999986,0.09400000000000003,0.07599999999999998,0.176,0.253,0.082,0.7000000000000002,0.09999999999999998,0,0,0.3,5,4.8,0.10399999999999995,73,3,6,0,3,6,2,2
Jace Peterson,MIL,-7,-5.300000000000001,6,-0.27,2.299999999999999,25.4,0.12299999999999997,0.11499999999999999,0.259,0.3739999999999999,0.136,4.3,0.20700000000000002,-0.09999999999999998,0,-0.1,5,5.9,0.16300000000000003,110,4,4,-3,1,-3,2,2
Isiah Kiner-Falefa,NYY,-7,-3.4000000000000004,-4.6,-0.17000000000000004,2.2,17.8,0.06300000000000003,0.009000000000000008,0.06799999999999995,0.07599999999999996,0.0049999999999999975,1.4000000000000004,0.05099999999999999,0,0.09999999999999998,0.7,1,1.4,0.031000000000000028,21,0,2,-2,0,0,1,2
Miguel Rojas,MIA,-7,0.6000000000000005,-7,0.3,2.1,4.699999999999999,-0.02400000000000002,-0.02899999999999997,0.04400000000000004,0.014000000000000012,0.06800000000000002,0.5,-0.05599999999999994,0,0,-0.09999999999999998,0,-0.1,-0.0010000000000000009,0,1,-3,0,0,-4,-1,2
Myles Straw,CLE,-13,3.2,-13.3,0.71,2.1,7.199999999999999,0.14,0.14099999999999996,0.16599999999999998,0.30700000000000005,0.026000000000000002,-2.1000000000000005,0.13200000000000003,0,-0.09999999999999998,-0.10000000000000003,6,7.7,0.13000000000000003,91,-3,6,1,0,4,0,2
Franchy Cordero,BOS,7,-3.4000000000000004,4.900000000000006,-0.13999999999999999,1.8000000000000007,-28.4,0.1,0.04799999999999993,0.21800000000000005,0.266,0.11800000000000001,-0.10000000000000009,0.182,0,0,-0.30000000000000004,5,3.8,0.09399999999999994,66,2,6,-1,1,2,1,2
Amed Rosario,CLE,6,6,1.4000000000000004,0.37,1.6,-2.6000000000000014,-0.059,-0.016000000000000014,-0.12900000000000006,-0.14500000000000002,-0.07,-5.8999999999999995,-0.06000000000000005,0,0,-1.6,-3,-3.0000000000000004,-0.05300000000000005,-37,-1,-4,5,0,0,-4,2
Sean Murphy,OAK,-4,-3,-7.299999999999999,0,1.5,2.299999999999997,-0.0020000000000000018,-0.019000000000000017,-0.03799999999999998,-0.05800000000000005,-0.035999999999999976,5.300000000000001,-0.019999999999999962,0,0,0.2,-2,-1.9000000000000001,-0.03600000000000003,-25,6,-2,-2,-2,-2,1,2
Aaron Judge,NYY,-17,0.1999999999999993,7.800000000000001,-0.13,1,-13.5,-0.04300000000000001,-0.030999999999999972,-0.11099999999999999,-0.14200000000000013,-0.068,0.9000000000000004,0.010999999999999982,0,0.1,0.2,-4,-2.3000000000000003,-0.034999999999999976,-24,-5,-6,-2,-3,1,1,2
Alex Bregman,HOU,-8,-2.5999999999999996,4.399999999999999,-0.6,0.9999999999999991,10.499999999999996,0.02400000000000002,-0.01100000000000001,0.023999999999999966,0.0129999999999999,0,-1.1999999999999997,0.05299999999999999,0,0,0,-2,-0.8999999999999999,-0.007000000000000006,-5,-6,0,-3,-1,4,0,2
Alec Bohm,PHI,-32,-0.3999999999999999,0.9000000000000021,-0.020000000000000018,0.9000000000000004,0,0.10399999999999998,0.10499999999999998,0.21100000000000008,0.31600000000000006,0.10700000000000001,1.7999999999999998,0.09899999999999998,-0.2,0.1,0.4,2,5.4,0.127,86,-1,-4,-1,1,0,0,2
Mark Canha,NYM,-9,-4.399999999999999,2.8999999999999986,-0.3400000000000001,0.9000000000000004,17.1,0.008000000000000007,-0.010000000000000009,-0.05600000000000005,-0.06499999999999995,-0.06400000000000002,-2.0999999999999996,0.03999999999999998,0,-0.09999999999999998,-0.2,-2,-1.4,-0.02300000000000002,-15,-1,-1,-4,-1,-7,-1,2
Nolan Gorman,STL,-13,11.6,-3.599999999999998,0.43000000000000005,0.9000000000000004,-10.599999999999998,-0.028000000000000025,0.043999999999999984,-0.013000000000000012,0.030999999999999917,0.013999999999999985,-0.19999999999999996,-0.04200000000000001,0,0,0,0,1.2000000000000002,0.020999999999999963,14,-1,-5,6,-1,-3,0,2
Marcus Semien,TEX,-1,-3.9000000000000004,-5.199999999999999,-0.09999999999999998,0.8999999999999986,-1.6000000000000014,-0.05499999999999999,-0.07600000000000001,0.052999999999999936,-0.02300000000000002,0.10699999999999998,5.1,-0.11899999999999997,0,0,0.39999999999999997,-2,-1.5,-0.025000000000000022,-18,4,-4,-3,1,7,0,2
Andrew Vaughn,CHW,-19,-9.4,2.9000000000000004,-0.66,0.7999999999999998,-3.1000000000000014,-0.17799999999999996,-0.20900000000000002,-0.16000000000000003,-0.36700000000000005,0.019000000000000003,1.8,-0.21200000000000002,0,0,0.1,-12,-9.2,-0.16299999999999998,-114,3,-15,-8,0,0,0,2
Chad Pinder,OAK,-1,3,7,0.08,0.7999999999999998,21.700000000000003,-0.018000000000000016,0.006000000000000005,0.171,0.177,0.19000000000000003,1.6,-0.07000000000000003,0,0,0,2,2,0.07200000000000001,50,3,-1,1,2,7,0,2
Eric Hosmer,SDP,-16,-3.0999999999999996,-7.599999999999998,0.03999999999999998,0.5999999999999996,0.8999999999999986,0.07100000000000001,0.044999999999999984,-0.040999999999999925,0.0030000000000000027,-0.112,-1.9999999999999998,0.09299999999999997,0.09999999999999998,0,0,-1,1.2000000000000002,0.014000000000000012,8,-7,1,-3,-2,-2,0,2
Ji-Man Choi,TBR,-9,10.4,6.300000000000001,0.22999999999999998,0.5999999999999996,-1.3999999999999986,-0.06999999999999995,0.01599999999999996,-0.11499999999999999,-0.09899999999999998,-0.04400000000000001,-0.20000000000000007,-0.020000000000000018,0,-0.1,0,-2,-1.6000000000000005,-0.02200000000000002,-15,-2,-7,4,-1,-3,0,2
C.J. Cron,COL,-22,0.6999999999999993,-1.1999999999999993,0.04999999999999999,0.5,-0.3999999999999986,0.023999999999999966,0.05399999999999999,0.07800000000000007,0.133,0.05399999999999999,-4.3,0.020000000000000018,-0.09999999999999998,0.1,0,0,1.8999999999999995,0.05700000000000005,38,-8,-5,-1,0,3,0,2
Martin Maldonado,HOU,5,-1.200000000000001,10.400000000000002,-0.11999999999999997,0.5,-10.5,0.024999999999999994,0.013000000000000012,0.129,0.1419999999999999,0.10400000000000001,0,0.03899999999999998,-0.09999999999999998,0,0,2,1.8,0.051999999999999935,37,2,2,0,2,3,0,2
Taylor Walls,TBR,-9,2.8,7.5,0.04000000000000001,0.5,-14.100000000000001,-0.05499999999999999,-0.015000000000000013,-0.10099999999999998,-0.11599999999999999,-0.04600000000000003,0.40000000000000036,-0.055999999999999994,0,0,-0.2,-3,-1.3000000000000003,-0.04100000000000001,-29,0,-5,1,0,0,1,2
Brendan Rodgers,COL,-7,2.1000000000000005,-5.5,0.37,0.40000000000000036,-11.899999999999999,0.05299999999999999,0.056999999999999995,0.04300000000000004,0.09999999999999998,-0.010000000000000009,-4.1000000000000005,0.006000000000000005,-0.09999999999999998,0.09999999999999998,-0.1,2,2.5999999999999996,0.04299999999999998,29,-3,1,1,2,5,0,2
Xander Bogaerts,BOS,5,9.4,0.10000000000000142,0.5200000000000001,0.3000000000000007,-3.4000000000000057,-0.13899999999999998,-0.04300000000000004,-0.13400000000000006,-0.17600000000000016,0.0050000000000000044,1.1999999999999997,-0.176,0,0,0.19999999999999998,-2,-3.4,-0.065,-46,2,-9,7,1,0,1,2
Connor Joe,COL,-6,-0.3999999999999986,-0.7999999999999972,0,0.30000000000000027,14.600000000000001,-0.089,-0.05400000000000005,-0.007000000000000006,-0.06099999999999994,0.08200000000000002,5.3999999999999995,-0.11100000000000004,0,0,0.19999999999999998,-3,-1.7000000000000002,-0.02899999999999997,-19,3,-7,-1,-1,3,1,2
Owen Miller,CLE,-8,3.8,-2.299999999999997,0.21999999999999997,0.2999999999999998,0.8000000000000007,-0.009000000000000008,0.047000000000000014,-0.05400000000000002,-0.007000000000000006,-0.045000000000000005,-3.5,0.0010000000000000009,0,0,-0.30000000000000004,0,1.7000000000000002,0.023999999999999994,17,-2,-2,2,0,-4,-1,2
Shohei Ohtani,LAA,-13,8.7,-0.09999999999999787,0.39000000000000007,0.1999999999999993,6.299999999999997,-0.08299999999999999,0,-0.131,-0.1299999999999999,-0.04799999999999999,2,-0.08299999999999996,0,0,0.6,-4,-2.9000000000000004,-0.03700000000000003,-26,-4,-9,4,-2,-6,3,2
Austin Nola,SDP,-2,-7.1,-6.8999999999999995,-0.16000000000000014,0,-30.200000000000003,-0.12699999999999995,-0.15900000000000003,-0.24300000000000002,-0.4,-0.11600000000000002,-0.7,-0.144,0,0,0.1,-5,-5.6,-0.176,-120,-4,-4,-3,-1,-5,0,2
Brandon Belt,SFG,7,-11.499999999999998,-14.399999999999999,-0.17000000000000004,0,15.400000000000002,0.08600000000000002,-0.019000000000000017,0.15400000000000003,0.136,0.068,-0.10000000000000009,0,0,0,0,3,1.7,0.049000000000000044,34,1,5,-3,1,3,0,2
Ehire Adrianza,WSN,2,5.199999999999999,-1.5,0.22,0,4.300000000000001,0.06999999999999998,0.09999999999999998,0.07,0.17100000000000004,0.0010000000000000009,3.4,0.08699999999999997,0.1,0,0.2,3,2,0.07700000000000001,52,1,2,2,0,1,1,2
Emmanuel Rivera,KCR,-7,5.4,-15.5,0.67,0,3.1000000000000014,0.22199999999999998,0.23400000000000004,0.378,0.6109999999999999,0.15400000000000003,-0.7999999999999998,0.175,0,0,0,8,8.8,0.256,180,7,7,2,2,1,0,2
Jeff McNeil,NYM,-7,-1.0999999999999996,11.600000000000001,-0.36999999999999994,0,-25.300000000000004,-0.184,-0.183,-0.29500000000000004,-0.479,-0.11,1,-0.15799999999999997,-0.09999999999999998,0,0.1,-8,-7.300000000000001,-0.195,-132,-2,-9,-1,-1,-5,0,2
Jon Berti,MIA,-8,1.0999999999999996,-8.2,0.25,0,0,-0.08399999999999996,-0.08099999999999996,-0.10799999999999998,-0.18899999999999995,-0.024,-3.0999999999999996,-0.15200000000000002,-0.09999999999999998,0,-1.5999999999999999,-5,-4.1,-0.07999999999999996,-54,-4,-7,0,0,-3,-8,2
Jorge Mateo,BAL,-5,0.7999999999999989,-4.4999999999999964,0.06999999999999995,0,9.699999999999996,-0.0020000000000000018,-0.01100000000000001,0.059,0.04899999999999993,0.062,3,-0.035999999999999976,0,0,0.3,0,0.4999999999999999,0.009000000000000008,7,-1,-1,0,0,1,-3,2
Jose Azocar,SDP,1,-3.3,2.3999999999999986,-0.18999999999999995,0,-1.1999999999999993,-0.10800000000000001,-0.129,-0.21200000000000002,-0.34199999999999997,-0.10400000000000001,-5,-0.13200000000000003,0,0,0.2,-3,-3.8000000000000003,-0.14200000000000002,-96,-1,-3,-1,0,-1,-1,2
Luis Arraez,MIN,3,-0.40000000000000036,3.8999999999999995,-0.6399999999999999,0,5,0.025999999999999968,0.026000000000000023,-0.045999999999999985,-0.019999999999999907,-0.07200000000000001,3.3000000000000003,0.08499999999999996,0,0.1,-0.4,0,-0.19999999999999973,-0.007000000000000006,-5,2,3,0,-3,-10,0,2
Nick Gordon,MIN,10,1.7000000000000002,13.2,-0.03,0,-12,0.056999999999999995,0.09999999999999998,0.20100000000000007,0.30100000000000005,0.14300000000000002,-0.6000000000000001,0.14300000000000002,0,0,0.4,5,3.9,0.124,87,3,4,1,1,2,0,2
Nicky Lopez,KCR,21,0.7999999999999998,-1.9000000000000004,0.07999999999999999,0,-0.5999999999999979,0.13699999999999998,0.133,0.181,0.31299999999999994,0.04300000000000001,-0.7999999999999998,0.14699999999999996,0.19999999999999996,0,-0.7,7,4.1000000000000005,0.13099999999999998,92,4,11,1,0,5,-1,2
Steven Kwan,CLE,20,3.3,2.9000000000000004,0.08999999999999997,0,-4.799999999999999,-0.09799999999999998,-0.04300000000000004,-0.07800000000000001,-0.12,0.022,-2.2,-0.08700000000000002,0.1,0,0.2,0,-1.8,-0.03699999999999998,-26,0,-2,4,0,1,-1,2
Santiago Espinal,TOR,-4,1.7000000000000002,-10.5,0.4599999999999999,-0.10000000000000009,-3.299999999999997,0.10899999999999999,0.11499999999999996,0.11500000000000005,0.23099999999999998,0.0059999999999999915,0.8999999999999999,0.08999999999999997,0,0,0.4,6,5.8,0.10099999999999995,71,-5,6,1,0,-2,2,2
Andrew McCutchen,MIL,-6,-8,2.6999999999999993,-0.7100000000000001,-0.1999999999999993,25.4,-0.061999999999999944,-0.129,-0.069,-0.19799999999999984,-0.007000000000000006,-0.19999999999999973,-0.07199999999999995,0.10000000000000003,0.1,0.2,-6,-5.1,-0.08800000000000008,-59,-3,-3,-6,0,-1,-1,2
Bryson Stott,PHI,0,8.600000000000001,-12.1,1.73,-0.20000000000000018,33.8,0.096,0.15499999999999997,0.07100000000000001,0.22599999999999998,-0.02500000000000001,1.9999999999999996,0.08299999999999999,0,0,0.7,5,5,0.10699999999999996,73,3,4,5,0,0,2,2
Jose Trevino,NYY,4,-5.4,13,-0.65,-0.20000000000000018,21,-0.07500000000000001,-0.12399999999999994,-0.10800000000000004,-0.23199999999999998,-0.033,1.8,-0.015000000000000013,0,0,0,-3,-3.4000000000000004,-0.10199999999999995,-72,1,-1,-2,-1,0,0,2
Austin Riley,ATL,4,3.8,-9.7,0.26,-0.29999999999999893,13.5,0.18100000000000002,0.15999999999999998,0.36200000000000004,0.522,0.18100000000000002,-0.8999999999999999,0.17900000000000005,0,0,0,13,12.1,0.20500000000000002,139,4,13,3,3,5,0,2
Luis Garcia,WSN,-12,0.20000000000000018,1.8999999999999986,0,-0.29999999999999893,-5.300000000000001,-0.008000000000000007,-0.019999999999999962,-0.030000000000000027,-0.050000000000000044,-0.02200000000000002,2,0.015000000000000013,0,0,0.20000000000000007,-2,-1.5,-0.027000000000000024,-18,-5,-4,0,-2,-2,1,2
Byron Buxton,MIN,8,-4.200000000000001,10.299999999999997,-0.22,-0.40000000000000213,9.699999999999996,-0.10699999999999998,-0.13299999999999995,-0.33499999999999996,-0.4680000000000001,-0.22799999999999998,4.1,-0.057999999999999996,0,0,0.2,-8,-8.8,-0.183,-128,-1,-4,-2,-3,-2,1,2
Leury Garcia,CHW,6,-0.5000000000000004,-4.799999999999997,0.020000000000000018,-0.6000000000000001,-12.400000000000002,0.07600000000000001,0.06999999999999998,0.093,0.16199999999999998,0.018000000000000002,-0.20000000000000018,0.08399999999999996,0,0,-0.1,3,2.3,0.07,48,1,5,0,0,2,0,2
Marcell Ozuna,ATL,-2,-1.200000000000001,-2.3999999999999986,-0.010000000000000009,-0.7000000000000011,-2,0.012999999999999984,-0.007000000000000006,-0.023999999999999966,-0.031000000000000028,-0.038000000000000006,-1.9000000000000001,0.033,0,0,0,0,-0.6,-0.010000000000000009,-7,-6,1,-1,-1,-2,0,2
Nolan Arenado,STL,-4,1.9000000000000004,2.1999999999999993,0.039999999999999925,-0.8000000000000007,-9.600000000000001,0.02999999999999997,0.051000000000000045,0.006999999999999895,0.05799999999999994,-0.02300000000000002,2.5,0.045999999999999985,0,0,-0.19999999999999998,0,1,0.02300000000000002,16,-4,0,1,0,1,1,2
Kyle Tucker,HOU,-7,-0.29999999999999893,11.899999999999999,-1.3599999999999999,-0.9000000000000004,9.299999999999997,-0.05400000000000002,-0.05399999999999999,-0.18099999999999994,-0.23399999999999999,-0.126,-0.20000000000000018,-0.005999999999999978,0,0,-0.7999999999999999,-6,-5.1000000000000005,-0.09100000000000003,-64,1,-5,-1,-2,-5,-2,2
Eric Haase,DET,8,6.4,1.5999999999999979,0.21,-1,8.299999999999997,0.04799999999999993,0.08100000000000002,0.18199999999999994,0.262,0.13299999999999998,-3.1999999999999997,0.018000000000000016,0,-0.1,0,5,3.6999999999999997,0.10000000000000003,70,2,3,3,3,5,0,2
Matt Olson,ATL,-2,-2.3999999999999995,15.099999999999998,-0.3,-1,-15.799999999999997,0.024999999999999994,0.007999999999999952,0.08000000000000002,0.08700000000000008,0.05399999999999999,0.8,0.07999999999999999,0,0,-0.1,2,2.4,0.04099999999999998,27,4,2,-2,2,2,0,2
Jonathan India,CIN,20,-1.3000000000000003,5.5,-0.09000000000000001,-1.1,-4.300000000000001,0.10200000000000001,0.033,0.146,0.179,0.04500000000000001,0.7999999999999998,0.15000000000000002,-0.1,0,-0.09999999999999998,4,1.8,0.060000000000000026,40,6,9,0,1,5,0,2
Nomar Mazara,SDP,-20,3.000000000000001,-2,0.19,-1.2000000000000002,-5.5,0.09199999999999997,0.09300000000000003,0.09899999999999998,0.19200000000000006,0.006999999999999992,-0.09999999999999987,0.10300000000000004,0,0,0,0,2.4000000000000004,0.08100000000000007,55,-1,-2,0,0,-3,0,2
Tommy Edman,STL,-18,-5.6,-3.1999999999999993,-0.24999999999999994,-1.2000000000000002,4.099999999999998,-0.068,-0.11299999999999999,-0.122,-0.23399999999999993,-0.052000000000000005,-0.20000000000000018,-0.08399999999999999,-0.19999999999999996,0,-0.1,-7,-5.5,-0.10799999999999998,-73,-7,-8,-5,-2,-4,-1,2
Josh Naylor,CLE,-19,-6.500000000000001,-7.900000000000002,-0.18,-1.200000000000001,-2.1000000000000014,-0.025000000000000022,-0.07099999999999995,-0.043999999999999984,-0.1150000000000001,-0.01899999999999999,-3.0999999999999996,-0.10599999999999996,0.09999999999999998,0.09999999999999998,-0.1,-4,-2.5,-0.044999999999999984,-31,-3,-5,-5,1,-6,-1,2
DJ LeMahieu,NYY,-1,4.299999999999999,0.09999999999999964,0.3699999999999999,-1.4000000000000004,16.2,0.030999999999999972,0.06,0.02100000000000002,0.08100000000000007,-0.011999999999999997,4.4,0.04499999999999993,0,0,0.6,2,2.3,0.040000000000000036,28,6,1,3,0,-1,3,2
Jose Ramirez,CLE,7,0.8000000000000007,10.7,-0.33999999999999997,-1.4999999999999998,6.900000000000002,-0.057999999999999996,-0.043999999999999984,-0.121,-0.16700000000000004,-0.064,-3.9999999999999996,-0.006000000000000005,0,0,-0.8,-3,-3.3,-0.059,-42,-6,-2,1,-1,-5,-4,2
Andrew Benintendi,KCR,-5,2.1999999999999993,0.9000000000000004,0.09999999999999998,-1.5,7.600000000000001,0.158,0.14900000000000002,0.119,0.268,-0.03899999999999999,-1.9,0.199,0,0,-0.7999999999999999,5,6.5,0.11299999999999999,80,0,8,1,-1,8,0,2
Charlie Blackmon,COL,-6,2,-2.599999999999998,0.12,-1.6000000000000005,-7.4999999999999964,0.02999999999999997,0.045999999999999985,0.03799999999999992,0.08399999999999996,0.00799999999999998,-2.4000000000000004,0.03200000000000003,0,0,-0.2,1,1.6000000000000005,0.03500000000000003,24,0,0,1,0,-2,-1,2
J.P. Crawford,SEA,-28,-3.7,-8.1,0.11999999999999988,-1.7,7.400000000000002,0.04999999999999999,0.01799999999999996,0.043999999999999984,0.061999999999999944,-0.0050000000000000044,0.2999999999999998,0.02300000000000002,0,0,-0.4,-2,1.9,0.019000000000000017,14,3,-3,-4,0,-1,-2,2
Yonathan Daza,COL,-29,1.2999999999999998,1.299999999999999,0.06,-1.7,-10.399999999999999,-0.13299999999999998,-0.11499999999999996,-0.16699999999999998,-0.2829999999999999,-0.034,-0.10000000000000009,-0.14999999999999997,0,0,0.5,-8,-4.2,-0.11699999999999999,-79,-4,-14,-1,0,0,0,2
Alek Thomas,ARI,-16,-6.3,0.5,-0.32,-1.7000000000000002,2.1000000000000014,-0.08999999999999997,-0.13199999999999998,-0.014000000000000012,-0.14600000000000002,0.07600000000000003,-1.2000000000000002,-0.127,-0.09999999999999998,-0.1,-1.1,-6,-3.5,-0.07499999999999996,-51,-7,-8,-5,0,1,-4,2
Jurickson Profar,SDP,-46,2.8000000000000007,-8.8,2.5,-1.7000000000000002,-24.000000000000004,-0.12200000000000003,-0.067,-0.22300000000000003,-0.29000000000000015,-0.10099999999999999,-2.1999999999999997,-0.14100000000000001,0,0,-0.30000000000000004,-11,-6,-0.10099999999999998,-68,-14,-16,-5,-2,-11,0,2
Austin Hays,BAL,-13,0.30000000000000004,-0.40000000000000213,0.009999999999999995,-1.799999999999999,-9.099999999999994,-0.12600000000000003,-0.10299999999999998,-0.33899999999999997,-0.443,-0.213,-4.300000000000001,-0.13,-0.10000000000000003,0,0.4,-10,-8.8,-0.176,-123,-9,-11,0,-3,-15,0,2
Yuli Gurriel,HOU,-6,0.7999999999999998,-2.1000000000000014,0.20000000000000007,-1.7999999999999998,4.300000000000004,0.07500000000000001,0.061999999999999944,0.03699999999999998,0.09899999999999998,-0.036000000000000004,-1.6,0.07900000000000001,0,0,-0.30000000000000004,1,2.1,0.04399999999999993,31,4,3,0,0,3,-1,2
Cedric Mullins II,BAL,1,6.8999999999999995,-5.799999999999999,0.75,-1.8,-10.200000000000003,0.023999999999999966,0.07400000000000001,0.08100000000000002,0.15500000000000003,0.056999999999999995,-1.9000000000000004,0,0,0,-1,4,3.6999999999999997,0.065,46,2,0,5,0,1,-3,2
Cesar Hernandez,WSN,-7,12.8,-1.299999999999999,0.83,-1.8,-5.399999999999999,-0.128,-0.018000000000000016,-0.15100000000000002,-0.16800000000000004,-0.023,-5.3999999999999995,-0.15000000000000002,0,0,-0.2,-3,-2.1,-0.046999999999999986,-32,-3,-10,8,0,-2,-1,2
Mookie Betts,LAD,12,5.6,0.5,0.22999999999999998,-1.8000000000000007,-13.900000000000006,0.15600000000000003,0.20500000000000002,0.361,0.5650000000000001,0.20500000000000004,2.5,0.16999999999999998,0,0,0,8,6.9,0.23299999999999998,157,8,7,3,2,6,0,2
Diego Castillo,PIT,-12,0.9000000000000004,4,0.020000000000000004,-1.8999999999999986,-10.200000000000003,0.124,0.11400000000000002,0.09699999999999998,0.21000000000000008,-0.027000000000000024,-1.8,0.26799999999999996,0,0,0,2,3.6999999999999997,0.08599999999999994,58,-2,4,0,-2,-1,0,2
Nick Senzel,CIN,-6,4.300000000000001,-3.5,0.36,-1.8999999999999995,0.20000000000000284,0.144,0.14100000000000001,0.252,0.393,0.10800000000000001,-4.8,0.135,0,0,-1.2,7,7.199999999999999,0.16000000000000003,109,1,6,2,2,2,-4,2
Alex Verdugo,BOS,3,2.5999999999999996,-3.3000000000000007,0.5,-1.9000000000000001,-5.600000000000001,0.07199999999999995,0.08500000000000002,0.009000000000000008,0.09500000000000008,-0.064,0.6000000000000001,0.08399999999999996,0,0,0.2,3,2.5999999999999996,0.046999999999999986,33,-5,5,2,-1,-3,1,2
Abraham Toro,SEA,-7,7.3,-0.9000000000000021,0.32999999999999996,-2,0.3999999999999986,0.07100000000000001,0.119,0.185,0.30399999999999994,0.11400000000000002,-2.4,0.065,0,0,-0.2,5,5.3,0.12799999999999997,90,3,1,3,1,2,-1,2
Albert Almora Jr.,CIN,-18,3.1,14.600000000000001,0.05000000000000002,-2,6.5,-0.095,-0.04400000000000001,-0.291,-0.33399999999999996,-0.195,-2.3999999999999995,-0.025000000000000022,0.2,0,0.4,-6,-3.6999999999999997,-0.12100000000000002,-82,-3,-8,1,-3,-6,0,2
Brendan Donovan,STL,-24,-1.5999999999999996,-0.9000000000000021,-0.06000000000000005,-2,-8.900000000000002,-0.10800000000000004,-0.119,-0.07499999999999996,-0.19499999999999995,0.031,2.2,-0.17900000000000002,0.10000000000000003,0,-0.4,-7,-4.6,-0.08999999999999997,-61,-7,-11,-3,1,-7,0,2
Christian Vazquez,BOS,8,-0.8000000000000007,8.1,-0.44000000000000006,-2.0999999999999996,17.4,0.031000000000000028,0.03799999999999998,-0.02699999999999997,0.01200000000000001,-0.057999999999999996,-1.1999999999999997,0.09199999999999997,-0.19999999999999996,0,0.19999999999999998,1,0.8,0.012999999999999956,8,2,4,0,-1,-2,-1,2
Michael Chavis,PIT,-21,-5.3999999999999995,8.999999999999996,-0.2,-2.0999999999999996,23.299999999999997,-0.03799999999999998,-0.07999999999999999,0.0030000000000000027,-0.07699999999999996,0.04100000000000001,-0.8,-0.031,0.1,-0.1,0.1,-4,-0.8999999999999999,-0.04200000000000001,-28,-4,-5,-4,-1,-1,0,2
Victor Reyes,DET,-9,5.1,-5.4,0.32999999999999996,-2.0999999999999996,-13.399999999999999,0.061999999999999944,0.08799999999999997,0.18,0.268,0.11800000000000001,-2.3,0.025000000000000022,0,-0.1,0.5,3,3.9,0.10999999999999996,78,-2,-1,2,1,5,0,2
Yandy Diaz,TBR,7,6.1,-8.5,1.2200000000000002,-2.2,6,0.262,0.276,0.393,0.6710000000000002,0.131,-0.19999999999999996,0.26,0,0,0,17,15.3,0.271,190,6,16,5,0,6,0,2
Michael Harris II,ATL,-2,1.5999999999999996,-3.8999999999999986,0.09000000000000001,-2.200000000000001,0,-0.14599999999999996,-0.126,-0.19899999999999995,-0.32499999999999996,-0.05299999999999999,-0.7999999999999989,-0.246,0,0,0.7,-7,-7.1,-0.134,-91,-2,-10,1,1,-1,3,2
Pete Alonso,NYM,1,-3.200000000000001,5.800000000000001,-0.31000000000000005,-2.200000000000001,2.0999999999999943,-0.06,-0.08099999999999996,-0.29,-0.371,-0.22999999999999998,-2.3000000000000003,0.04200000000000001,0,0,0.3,-7,-7.5,-0.14400000000000002,-98,-7,-2,-2,-5,-10,-1,2
Harold Castro,DET,-14,13.5,4,0.63,-2.4,-13.3,-0.09200000000000003,-0.002999999999999947,-0.173,-0.17599999999999993,-0.082,-4.2,-0.09999999999999998,0.1,0,0,-3,-1.4000000000000001,-0.05500000000000002,-38,-4,-8,5,0,-5,0,2
Luis Guillorme,NYM,-8,5.4,-3.6000000000000014,0.44999999999999996,-2.5,-9.3,0.017000000000000015,0.05499999999999994,0.15000000000000002,0.20499999999999996,0.13400000000000004,-0.7000000000000001,-0.01200000000000001,0.10000000000000003,0,0.1,2,2.9,0.07599999999999996,51,-1,-2,2,1,2,0,2
Miguel Cabrera,DET,1,8.2,-8.7,0.45,-2.5,-10.899999999999999,-0.04300000000000001,-0.004999999999999949,-0.04099999999999998,-0.04599999999999993,0.0019999999999999983,2.8000000000000003,-0.10599999999999998,-0.09999999999999998,0,0.2,-1,-0.8999999999999999,-0.018000000000000016,-13,1,-4,5,0,7,1,2
Darin Ruf,SFG,-14,2.5999999999999996,5.399999999999999,0.040000000000000036,-2.5999999999999996,14.300000000000004,-0.016000000000000014,0.010000000000000009,-0.09800000000000003,-0.08799999999999997,-0.08099999999999999,1,0.04999999999999999,-0.1,0.1,0,-3,-1.2,-0.02899999999999997,-19,-1,-4,0,-2,-3,0,2
Jesus Aguilar,MIA,9,1.4,1.6999999999999993,0.07,-2.5999999999999996,-0.9000000000000057,-0.043999999999999984,-0.02200000000000002,-0.13000000000000006,-0.15300000000000002,-0.08600000000000002,2.4999999999999996,-0.031000000000000028,-0.09999999999999998,0,0.1,-2,-3.2,-0.059,-40,-1,-1,1,-1,-3,1,2
Raimel Tapia,TOR,-19,5.6,6.699999999999999,0.29000000000000004,-2.5999999999999996,-7.199999999999996,0.05499999999999994,0.09299999999999997,0.0040000000000000036,0.09700000000000009,-0.05199999999999999,-0.7000000000000002,0.11099999999999999,-0.2,0,0,-1,1.2000000000000002,0.04899999999999999,34,-3,-4,2,-1,-4,0,2
Geraldo Perdomo,ARI,-6,-2.5,-13.399999999999999,0.37,-2.6,-7.300000000000001,0.05100000000000002,0.025999999999999995,-0.05500000000000002,-0.029000000000000026,-0.106,2.9,0.059,-0.10000000000000003,0,-0.3,-1,0,-0.009000000000000008,-7,3,2,-2,-2,-6,1,2
Ke'Bryan Hayes,PIT,13,3.2,-13.599999999999998,0.28,-2.6,-5.799999999999997,0.017000000000000015,0.04100000000000001,-0.07799999999999996,-0.03700000000000003,-0.09500000000000003,-2.0999999999999996,-0.021999999999999992,0,0,0.5,1,-0.8999999999999995,-0.0040000000000000036,-2,0,3,3,0,-1,1,2
Adley Rutschman,BAL,5,11.2,7.4,0.41000000000000003,-2.6999999999999993,-11.899999999999999,-0.10799999999999998,-0.01200000000000001,-0.19599999999999995,-0.20900000000000007,-0.08800000000000002,3.5999999999999996,-0.10199999999999998,0,0,0.1,-2,-3.0999999999999996,-0.07300000000000001,-51,3,-6,7,0,-1,1,2
Rafael Ortega,CHC,9,0.1999999999999993,-15.7,0.32,-2.700000000000001,-2.6999999999999957,-0.095,-0.07599999999999996,-0.15900000000000003,-0.236,-0.064,7.5,-0.16399999999999998,-0.10000000000000003,0,0.6,-3,-3.7,-0.10099999999999995,-68,-1,-3,1,-2,5,3,2
Yan Gomes,CHC,-2,0,-11.1,0,-2.8,9.600000000000001,-0.08000000000000002,-0.062,-0.098,-0.15900000000000003,-0.018000000000000002,2.3000000000000003,-0.097,0,0,0,-2,-2.1,-0.068,-46,1,-4,0,-1,1,0,2
Didi Gregorius,PHI,-23,1.4999999999999991,1.4999999999999982,0.04999999999999999,-2.9,-6.200000000000003,-0.095,-0.08699999999999997,-0.10299999999999998,-0.1899999999999999,-0.008000000000000007,0,-0.11200000000000002,-0.1,-0.09999999999999998,0.1,-5,-2.7,-0.08000000000000002,-54,-2,-9,-1,0,-4,0,2
Luis Robert,CHW,-3,2.8000000000000003,7.400000000000002,0.06999999999999998,-2.9000000000000004,-3.5,-0.019999999999999962,-0.013999999999999957,0.09699999999999998,0.08400000000000007,0.11700000000000002,-2.5000000000000004,-0.02300000000000002,-0.09999999999999998,0,-1.2,2,2.1,0.035999999999999976,25,4,-2,2,3,-3,-4,2
Jose Altuve,HOU,-9,10.2,-10.499999999999998,1.2200000000000002,-3.0999999999999996,-0.20000000000000284,0.0040000000000000036,0.06500000000000006,-0.014000000000000012,0.04999999999999993,-0.019000000000000017,2.9999999999999996,-0.03999999999999998,0.10000000000000009,0,1,0,0.5999999999999996,0.02200000000000002,16,-4,-4,6,-1,0,5,2
Willi Castro,DET,11,6,2.1000000000000014,0.3,-3.1,15.100000000000001,-0.008000000000000007,0.043999999999999984,-0.13400000000000006,-0.08999999999999997,-0.126,3.0999999999999996,0.033999999999999975,0.10000000000000003,0,0.6,1,-0.9000000000000001,-0.020999999999999963,-15,-1,2,3,-1,0,3,2
Willson Contreras,CHC,-15,2.1999999999999993,5.200000000000003,0,-3.1999999999999997,10.199999999999996,0.007000000000000006,0.018000000000000016,-0.07700000000000001,-0.06000000000000005,-0.084,-0.6000000000000001,0.063,-0.09999999999999998,0.1,-0.6,-3,-1.1,-0.01699999999999996,-12,1,-3,0,-2,1,-1,2
Victor Robles,WSN,-5,3.5999999999999996,5,0.10000000000000009,-3.3,-15,0.0040000000000000036,0.016000000000000014,-0.05300000000000002,-0.03599999999999992,-0.057,-3.8000000000000007,0.02799999999999997,0,-0.1,0.39999999999999997,0,-0.10000000000000009,-0.008000000000000007,-5,-5,-1,1,0,1,2,2
Gary Sanchez,MIN,-14,-4.300000000000001,-2.8000000000000007,-0.12999999999999995,-3.3000000000000007,-4.800000000000004,0.027000000000000024,-0.009000000000000008,0.068,0.05900000000000005,0.04099999999999998,-1.2999999999999998,-0.01100000000000001,0.10000000000000003,0,0,0,1.1,0.019000000000000017,13,-3,-1,-3,1,3,0,2
Teoscar Hernandez,TOR,-1,4.3,0.3999999999999986,0.13,-3.3000000000000007,0.7000000000000028,0.032999999999999974,0.061,0.018000000000000016,0.07999999999999996,-0.014999999999999986,-0.3999999999999999,0.06400000000000006,0,0,0.19999999999999998,2,2,0.03600000000000003,26,-3,1,3,0,-3,1,2
Jacob Stallings,MIA,-6,-4.3,-1.6000000000000014,-0.16999999999999998,-3.4,-5.100000000000001,-0.03600000000000003,-0.07100000000000001,-0.11300000000000002,-0.184,-0.07700000000000001,-0.30000000000000004,-0.024999999999999994,0,0.1,0,-2,-1.8000000000000003,-0.083,-56,-2,-2,-2,-1,-2,0,2
Nico Hoerner,CHC,3,1.3000000000000007,8.6,-0.56,-3.4,-1.8999999999999986,0.06099999999999994,0.059,0.05199999999999999,0.1110000000000001,-0.008000000000000007,0.7000000000000002,0.10799999999999998,0,0,0.4,3,2.6,0.046999999999999986,32,2,5,1,0,-2,2,2
Andres Gimenez,CLE,1,-1.5999999999999996,5.9,-0.20999999999999996,-3.5,2.1000000000000014,-0.119,-0.06500000000000006,-0.15300000000000002,-0.21900000000000008,-0.03399999999999999,0.3999999999999999,-0.13,0,0,-0.19999999999999998,-3,-3.7,-0.07399999999999995,-52,1,-7,-1,0,1,-1,2
Elias Diaz,COL,5,-3.4000000000000004,13.299999999999999,-0.55,-3.5000000000000004,-10.299999999999997,-0.04200000000000001,-0.06499999999999995,-0.13,-0.19500000000000006,-0.088,-1.8,0.027000000000000024,-0.1,0,0,-2,-2.4000000000000004,-0.07999999999999996,-54,0,0,-1,-1,-6,0,2
Gio Urshela,MIN,-14,-6.2,-3.5,-0.27,-3.6000000000000005,2.6000000000000014,0.08100000000000002,0.03200000000000003,0.09400000000000003,0.126,0.01200000000000001,-2.6999999999999997,0.06599999999999995,0,0.09999999999999998,0,1,2.5,0.05099999999999999,36,-1,2,-4,1,0,0,2
Dylan Carlson,STL,10,-13.6,12.600000000000001,-0.85,-3.6999999999999993,-9.899999999999999,0.022999999999999993,-0.07400000000000001,-0.04999999999999999,-0.12400000000000011,-0.07199999999999998,2.8,0.10199999999999998,0.09999999999999998,0,-0.19999999999999998,-1,-2.5,-0.06,-40,2,5,-7,-1,1,-1,2
Kyle Farmer,CIN,-21,-2.5,17.9,-0.77,-3.6999999999999997,4,-0.138,-0.09400000000000003,-0.124,-0.21800000000000008,0.012999999999999998,-1.2000000000000002,-0.10699999999999998,0.10000000000000003,0.09999999999999998,-0.6,-7,-4.1,-0.08199999999999996,-56,-3,-12,-3,1,-4,-1,2
Austin Wynns,SFG,-3,-2.200000000000001,7.900000000000002,-0.21000000000000005,-3.8,24.9,-0.035,-0.055999999999999994,-0.187,-0.24199999999999994,-0.15200000000000002,-0.2999999999999998,0.006000000000000005,0,0.09999999999999998,0,-3,-2.6,-0.09899999999999998,-67,-2,-2,-1,-1,-2,0,2
Paul Goldschmidt,STL,-3,-5.1,13.600000000000001,-0.54,-3.8999999999999986,-6.5,-0.017000000000000015,-0.031000000000000028,-0.16099999999999998,-0.19199999999999995,-0.146,2.8,0.10300000000000009,0,0,0.4,-5,-4.199999999999999,-0.069,-47,-5,-1,-4,-3,-8,2,2
Lane Thomas,WSN,-18,-9.4,-2.200000000000003,-0.43000000000000005,-3.9,-18.200000000000003,-0.04199999999999998,-0.11199999999999996,-0.07,-0.18199999999999994,-0.02800000000000001,-1.2,-0.05999999999999997,0.1,0,0.1,-6,-3.9,-0.086,-58,-8,-5,-7,-1,-3,0,2
Adolis Garcia,TEX,-10,1,6.699999999999999,-0.030000000000000027,-4,0.7999999999999972,-0.18299999999999994,-0.15899999999999997,-0.359,-0.5189999999999999,-0.17600000000000002,-1,-0.158,0,0,-0.5,-13,-11.6,-0.20800000000000002,-146,-11,-14,0,-5,-7,-3,2
Anthony Santander,BAL,21,-2.5999999999999996,-11.599999999999998,0.14,-4,-17.299999999999997,-0.03200000000000003,-0.06799999999999995,-0.15800000000000003,-0.2260000000000001,-0.127,1,-0.03700000000000003,-0.1,0.1,0,-1,-3.6,-0.09500000000000003,-66,2,4,0,-2,4,0,2
Harold Ramirez,TBR,25,-4.199999999999999,6.000000000000002,-0.58,-4.1,18.8,0.025000000000000022,0.014000000000000012,0.007000000000000006,0.02200000000000002,-0.016999999999999987,1.7999999999999998,0.08399999999999996,0,0,0.2,6,2.9000000000000004,0.01100000000000001,8,7,11,0,0,3,1,2
Jesus Sanchez,MIA,27,4,-2.900000000000002,0.2,-4.3999999999999995,-6.600000000000001,-0.08300000000000002,-0.043999999999999984,-0.269,-0.31399999999999995,-0.187,-4.6,-0.04899999999999999,-0.1,0,-0.2,-3,-6,-0.118,-80,-2,0,4,-2,-4,-1,2
Christian Yelich,MIL,-25,4.800000000000001,-2.6999999999999993,0.32000000000000006,-4.5,-6.600000000000001,-0.03199999999999997,0.02100000000000002,-0.01200000000000001,0.009000000000000008,0.020000000000000004,2.9000000000000004,-0.04300000000000004,-0.2,0,-0.39999999999999997,-4,-0.3999999999999999,0.01200000000000001,8,-1,-10,0,-1,0,-2,2
Kevin Kiermaier,TBR,-4,7.299999999999999,-11.8,0.56,-4.5,1.7000000000000028,-0.08099999999999999,-0.017000000000000015,-0.128,-0.1449999999999999,-0.047,-0.6000000000000001,-0.14300000000000002,0,0,0.2,-2,-1.3,-0.04999999999999993,-35,-3,-4,2,-1,3,-1,2
William Contreras,ATL,-4,8.2,-2.3000000000000007,0.35,-4.699999999999999,1,0.04500000000000001,0.10199999999999998,0.055999999999999994,0.15900000000000014,0.01100000000000001,-4.4,0.059,0,0,-0.2,2,2.3,0.07199999999999995,48,-2,0,3,0,1,-1,2
Isaac Paredes,TBR,25,5.800000000000001,10.600000000000001,0.07,-4.7,4.300000000000004,-0.037000000000000005,-0.0020000000000000018,-0.312,-0.31400000000000006,-0.276,0.7999999999999998,0.121,0.1,-0.1,-0.5,0,-2.8,-0.10800000000000004,-76,1,4,5,-3,-2,0,2
Jarren Duran,BOS,16,-0.5999999999999996,12.100000000000001,-0.22999999999999998,-4.799999999999999,-7.600000000000001,-0.1,-0.09499999999999997,-0.133,-0.2280000000000001,-0.033,-4.7,-0.09000000000000002,-0.10000000000000003,0.1,-0.8,-1,-3,-0.09299999999999997,-66,0,0,1,1,1,-2,2
Jonathan Schoop,DET,5,1.4000000000000001,-6.5,0.1,-4.8,5.399999999999999,0.10299999999999998,0.12099999999999994,0.033999999999999975,0.15499999999999992,-0.07,5.9,0.124,0,0,0.7,4,3.3,0.07000000000000003,49,7,7,1,-1,-2,4,2
Rafael Devers,BOS,-17,-5.299999999999999,6.299999999999999,-0.54,-4.899999999999999,-10.299999999999997,0.013999999999999957,-0.08500000000000008,-0.12699999999999995,-0.21199999999999997,-0.14100000000000001,-2.6999999999999997,0.08299999999999996,0,-0.1,-0.6,-8,-5.4,-0.08500000000000002,-59,-7,-1,-5,-3,-6,-1,2
Willy Adames,MIL,-2,7.3,-2.1999999999999993,0.30000000000000004,-4.9,-12.399999999999999,0.03900000000000001,0.094,-0.03899999999999998,0.05399999999999994,-0.07799999999999999,2.4,0.10400000000000004,0,0,0.1,2,1.7,0.030999999999999972,21,1,1,5,-3,-3,1,2
Carlos Correa,MIN,0,14.899999999999999,-6,1,-5.1,1.1999999999999957,-0.15299999999999997,-0.030000000000000027,-0.19499999999999995,-0.22499999999999998,-0.04200000000000001,-0.19999999999999996,-0.23,0,0,0,-5,-4.5,-0.08400000000000007,-59,-2,-12,10,-1,1,0,2
Giancarlo Stanton,NYY,-10,-14.7,5.400000000000002,-0.7000000000000001,-5.1,10.199999999999996,0.09100000000000003,-0.04299999999999998,0.18199999999999994,0.13900000000000012,0.09099999999999997,-0.7999999999999999,0.10200000000000001,0,0,0.1,1,1.8000000000000003,0.04099999999999998,28,-2,5,-11,2,0,0,2
Avisail Garcia,MIA,-4,-3.5,4.099999999999998,-0.14,-5.199999999999999,-9,0.0050000000000000044,-0.033999999999999975,-0.11100000000000004,-0.14500000000000002,-0.116,-1.3,0.03999999999999998,0,0,0,-3,-2.5,-0.05999999999999994,-41,-4,0,-2,-1,0,0,2
Corey Seager,TEX,-3,0.40000000000000036,-14.4,1.1,-5.300000000000001,15.199999999999996,0.11599999999999999,0.124,0.19999999999999996,0.32300000000000006,0.08399999999999999,-2.8000000000000003,0.062,0,0,-0.2,7,7,0.12200000000000005,86,2,6,0,2,9,-1,2
Gavin Lux,LAD,3,3.1999999999999993,-1,0.19999999999999996,-5.300000000000001,8.899999999999999,0.027000000000000024,0.052000000000000046,0.019000000000000017,0.07099999999999995,-0.008000000000000007,-1.5,0.041000000000000036,0,0,-0.2,2,1.6999999999999997,0.03500000000000003,24,-1,2,2,0,-2,-1,2
Ryan McMahon,COL,-10,-4.6,-11.099999999999998,0.06000000000000005,-5.4,-4.5,-0.01100000000000001,-0.02699999999999997,-0.05300000000000005,-0.07999999999999996,-0.04200000000000001,7.3999999999999995,-0.04799999999999999,-0.09999999999999998,-0.1,1.2,-2,-1.5,-0.030999999999999972,-22,3,-2,-4,-1,-7,4,2
Luke Voit,SDP,-32,3.6999999999999993,-5.299999999999997,0.16999999999999998,-5.600000000000001,-4.799999999999997,-0.024999999999999994,0.0050000000000000044,-0.22800000000000004,-0.2220000000000001,-0.203,-1,-0.01200000000000001,0.29999999999999993,0.1,-0.1,-7,-4.1,-0.07399999999999995,-50,-8,-8,-1,-4,-15,0,2
Stephen Vogt,OAK,0,-9.1,3.1000000000000014,-0.39,-5.7,1.1000000000000014,-0.05000000000000002,-0.15099999999999997,-0.167,-0.31899999999999995,-0.11700000000000002,-0.19999999999999996,-0.031,0,0,0,-4,-3.8,-0.147,-103,-2,-1,-3,-1,2,0,2
Hunter Dozier,KCR,-4,-3,-5.5,-0.05999999999999994,-5.800000000000001,-2.6000000000000014,0.08299999999999999,0.04199999999999998,0.16500000000000004,0.20600000000000007,0.08199999999999999,-1.4000000000000004,0.08199999999999996,0.09999999999999998,0,0.3,3,3.3,0.07700000000000001,55,-5,4,-2,0,6,-1,2
Ian Happ,CHC,2,-3.0999999999999996,9.299999999999997,-0.31999999999999995,-5.999999999999999,-14.5,-0.066,-0.08100000000000007,-0.10999999999999999,-0.19000000000000006,-0.04299999999999998,-1.3000000000000003,-0.027000000000000024,0,0,0,-4,-4.1,-0.07400000000000007,-50,1,-3,-2,-1,-2,0,2
Christian Walker,ARI,-6,9.7,2.6999999999999993,0.42999999999999994,-6.1,-1,-0.03,0.029000000000000026,-0.17800000000000005,-0.14900000000000013,-0.14799999999999996,-1.0999999999999999,0.01200000000000001,-0.09999999999999998,0,0,-3,-2.4000000000000004,-0.03799999999999998,-25,2,-4,6,-3,-5,0,2
Orlando Arcia,ATL,2,4.1,10.399999999999999,-0.010000000000000009,-6.1,-8.5,-0.18,-0.10499999999999995,-0.35900000000000004,-0.4630000000000001,-0.17900000000000002,0.8999999999999999,-0.138,0,0,0,-6,-6,-0.16799999999999998,-113,-1,-7,2,-2,-1,0,2
Freddie Freeman,LAD,6,-3.3999999999999995,-16.5,0.19000000000000006,-6.299999999999999,-14.299999999999997,0.038000000000000034,0.006000000000000005,0.026000000000000023,0.03200000000000003,-0.013000000000000012,-3.3000000000000003,-0.066,0,0,0,1,0.8999999999999995,0.003999999999999948,3,-2,5,-2,0,-4,0,2
Trey Mancini,BAL,9,-4.300000000000001,-3.900000000000002,-0.12,-6.299999999999999,-10.700000000000003,0.057999999999999996,0.0020000000000000018,-0.01100000000000001,-0.009000000000000008,-0.06899999999999999,-0.4999999999999999,0.08299999999999996,-0.10000000000000003,0.1,0,0,-0.6000000000000001,-0.01200000000000001,-8,-1,6,-2,-1,3,0,2
Tommy Pham,CIN,-2,-2.5999999999999996,4.900000000000002,-0.15,-6.3,-6.799999999999997,-0.0040000000000000036,-0.032999999999999974,-0.14400000000000007,-0.17700000000000005,-0.14,2,0.061999999999999944,0,0,-0.2,-4,-4,-0.06999999999999995,-48,-4,0,-2,-3,-1,1,2
Will Smith,LAD,-5,6.300000000000001,5.200000000000001,0.22999999999999998,-6.300000000000001,-3.299999999999997,-0.065,0.01200000000000001,-0.15599999999999997,-0.1439999999999999,-0.09100000000000003,-0.30000000000000004,-0.030999999999999972,0,0,0,-3,-2.8,-0.04600000000000004,-31,-3,-7,4,-2,-1,0,2
Patrick Wisdom,CHC,6,-1.1000000000000014,1.5,-0.050000000000000044,-6.399999999999999,3.1999999999999957,-0.05199999999999999,-0.03999999999999998,0.007000000000000006,-0.03400000000000003,0.057999999999999996,4.4,-0.09399999999999997,0,0,1.2,0,-0.8,-0.01699999999999996,-12,3,-2,0,1,2,4,2
Lourdes Gurriel Jr.,TOR,2,4.699999999999999,-3.799999999999999,0.32,-6.5,-6.899999999999999,-0.040000000000000036,-0.029000000000000026,-0.09299999999999997,-0.123,-0.05299999999999999,2.3,-0.06,0,0,0.2,-2,-2.5999999999999996,-0.05499999999999999,-38,-1,-2,3,-1,-8,1,2
Robbie Grossman,DET,6,0.7999999999999989,-4.800000000000001,0.09000000000000002,-6.5,-6.799999999999997,-0.047000000000000014,-0.032999999999999974,-0.122,-0.15499999999999992,-0.07500000000000001,4.6,-0.03999999999999998,-0.09999999999999998,0,0.6,-2,-2.7,-0.056999999999999995,-40,-1,-1,1,-2,-5,1,2
A.J. Pollock,CHW,-33,0.10000000000000053,11.399999999999999,-0.15,-6.6000000000000005,-8.799999999999997,-0.09200000000000003,-0.09499999999999997,-0.20500000000000004,-0.2989999999999999,-0.11200000000000002,-3.8000000000000003,-0.05999999999999994,0.1,-0.09999999999999998,0.1,-9,-5.4,-0.12099999999999997,-85,-11,-13,-2,-1,-9,0,2
Daniel Vogelbach,PIT,-5,7.800000000000001,-6.300000000000001,0.53,-6.800000000000001,-8.399999999999999,0.176,0.20800000000000002,0.352,0.56,0.176,-2.1,0.19299999999999998,0,0,-0.1,10,10.6,0.219,148,-2,7,4,2,3,0,2
Gleyber Torres,NYY,-7,3,-6.200000000000003,0.34999999999999987,-7.1,-5.299999999999997,0.10199999999999998,0.10000000000000003,-0.066,0.03400000000000003,-0.169,-0.6000000000000005,0.14600000000000002,0,0,0.4,0,0.9000000000000004,0.031000000000000028,22,-6,3,1,-3,0,0,2
Michael A. Taylor,KCR,-13,5.3999999999999995,0.6999999999999993,0.19,-7.1,-22.800000000000004,-0.11199999999999996,-0.07100000000000001,-0.259,-0.32900000000000007,-0.14600000000000002,-4.7,-0.09800000000000003,-0.1,0,-0.1,-7,-5.699999999999999,-0.123,-87,-3,-9,2,-3,-6,-1,2
Trea Turner,LAD,5,-3,6.700000000000003,-0.25,-7.1,-10.700000000000003,-0.141,-0.139,-0.21499999999999997,-0.354,-0.07299999999999998,0.9000000000000004,-0.12100000000000005,0,0,0,-8,-8.2,-0.14100000000000001,-96,-3,-8,-2,-2,5,0,2
Alejandro Kirk,TOR,-5,-7,-7,0,-7.3999999999999995,-0.6000000000000014,-0.05399999999999994,-0.09400000000000003,-0.21799999999999997,-0.31299999999999994,-0.164,0.20000000000000018,-0.056999999999999995,0.10000000000000009,0,0,-7,-6.5,-0.12100000000000005,-85,-4,-3,-5,-3,-7,0,2
Javier Baez,DET,7,-3.5,12.4,-0.35,-7.9,-13.399999999999999,-0.05000000000000002,-0.07300000000000001,-0.16400000000000003,-0.2370000000000001,-0.11399999999999999,-2.5,0.016000000000000014,0,0,-0.1,-4,-5.1,-0.09599999999999997,-67,0,-1,-2,-2,0,-3,2
Vladimir Guerrero Jr.,TOR,-9,-7.9,4.600000000000001,-0.52,-7.999999999999998,-16.300000000000004,-0.032999999999999974,-0.09999999999999998,-0.11100000000000004,-0.21100000000000008,-0.07700000000000001,-0.6000000000000001,-0.013000000000000012,0.1,0,0,-7,-6.2,-0.09200000000000003,-65,-7,-3,-7,-2,-1,0,2
Nathaniel Lowe,TEX,-3,6.200000000000001,-7.799999999999997,0.44999999999999996,-7.999999999999999,-1.1999999999999957,-0.02999999999999997,0.016000000000000014,-0.16399999999999992,-0.14800000000000002,-0.134,-0.20000000000000018,-0.03799999999999998,0,0,0.8,-4,-3.0000000000000004,-0.051000000000000045,-36,1,-4,4,-3,-5,0,2
Tomas Nido,NYM,-13,6.700000000000001,-1.5,0.39,-8.3,1.3999999999999986,0.0040000000000000036,0.04200000000000001,0.037000000000000005,0.07900000000000001,0.033,0.7000000000000002,0.0020000000000000018,0.19999999999999996,0,0,1,2.5,0.03900000000000001,27,1,-2,2,0,-1,0,2
Cavan Biggio,TOR,-5,-4.799999999999999,6.899999999999999,-0.30999999999999994,-8.400000000000002,-11.099999999999998,-0.037000000000000005,-0.05399999999999999,-0.199,-0.253,-0.162,-2.0999999999999996,0.024999999999999967,0,-0.09999999999999998,0.1,-4,-3.7,-0.09199999999999997,-66,-2,-2,-3,-2,-6,0,2
Ronald Acuna Jr.,ATL,-16,3.799999999999999,-1.3999999999999986,0.24,-8.899999999999999,4.700000000000003,0.01999999999999999,0.05099999999999999,-0.07300000000000006,-0.02200000000000002,-0.093,1.4000000000000004,0.06299999999999997,-0.19999999999999996,-0.1,0.7999999999999999,-2,-0.09999999999999998,0.0020000000000000018,1,-2,-3,1,-3,-1,2,2
Travis d'Arnaud,ATL,6,5.5,6.4,0.17000000000000004,-8.9,-4.100000000000001,-0.08099999999999999,-0.066,-0.369,-0.43500000000000005,-0.28900000000000003,-1,-0.00599999999999995,0,0,-0.1,-6,-5.8,-0.16500000000000004,-112,-4,-2,3,-3,-8,0,2
Seth Brown,OAK,-7,-3,-9.100000000000001,-0.07999999999999999,-9.5,-7.799999999999997,-0.063,-0.06999999999999998,-0.18400000000000005,-0.253,-0.12,-2.4,-0.07499999999999998,0,0,-0.8,-5,-4.8,-0.10399999999999995,-73,-4,-5,-2,-3,-9,-2,2
Dansby Swanson,ATL,-2,-2.4,5.800000000000001,-0.15000000000000002,-10.200000000000001,-12,-0.154,-0.16999999999999998,-0.389,-0.559,-0.23399999999999996,1.8000000000000003,-0.122,0,0,1,-14,-14.2,-0.22699999999999998,-155,-9,-11,-2,-6,-10,1,2
Brandon Marsh,LAA,-23,-2.8999999999999995,-1.6000000000000014,-0.06,-10.7,3.1000000000000014,0.055999999999999994,0.04600000000000001,-0.0040000000000000036,0.04300000000000004,-0.05900000000000001,4.699999999999999,0.13099999999999998,0,-0.1,0.39999999999999997,0,2.1999999999999997,0.01999999999999999,14,-2,-1,-3,-2,0,2,2
Ryan Mountcastle,BAL,-14,2.3,1.6000000000000014,0.07,-10.7,-30.099999999999994,-0.07400000000000001,-0.05499999999999994,-0.15599999999999997,-0.21000000000000008,-0.08200000000000002,3.3,-0.08000000000000002,0,0.09999999999999998,0.9,-7,-5.1,-0.08500000000000002,-60,-3,-9,1,-2,-6,2,2
Jack Suwinski,PIT,-6,-0.3000000000000007,-15,0.16000000000000003,-11.1,-18.900000000000002,-0.034999999999999976,-0.01799999999999996,-0.187,-0.20700000000000007,-0.152,1.3,-0.032,0,0,-0.8,-4,-3.5,-0.06699999999999995,-45,-4,-3,-1,-4,-5,0,2
Bobby Witt Jr.,KCR,-8,3.499999999999999,-4.700000000000003,0.26,-12.200000000000001,-22.4,-0.026000000000000023,0.007999999999999952,-0.21400000000000008,-0.20500000000000007,-0.189,-2.0999999999999996,-0.007000000000000006,0,0,0.39999999999999997,-4,-3.7,-0.062,-43,-4,-4,2,-3,-1,4,2
Jared Walsh,LAA,-16,2.4,-2.6999999999999957,0.08000000000000002,-14,-21.800000000000004,-0.132,-0.12000000000000002,-0.356,-0.4749999999999999,-0.224,-1.9,-0.16899999999999998,0.09999999999999998,0,0.1,-10,-8.4,-0.19099999999999995,-134,-3,-11,1,-3,-6,0,2
Matt Vierling,PHI,1,11.2,6.5,0.44999999999999996,-14.3,-5.700000000000003,-0.03600000000000003,0.03799999999999998,-0.16900000000000004,-0.13200000000000012,-0.134,1,0.03999999999999998,0,0,0.7,-2,-1.6,-0.045999999999999985,-31,-1,-3,5,-3,2,0,2
Nelson Cruz,WSN,-9,-3.200000000000001,-5.399999999999999,-0.050000000000000044,-14.5,8.799999999999997,-0.04200000000000001,-0.04999999999999999,-0.266,-0.31500000000000006,-0.22400000000000003,-1.4,-0.04099999999999998,0,0.09999999999999998,-0.2,-7,-6,-0.11699999999999997,-80,-1,-4,-3,-3,-5,-1,2
Josh Bell,WSN,-3,-7.699999999999999,-2.0999999999999996,-0.4,-14.7,-0.09999999999999432,-0.04099999999999998,-0.08000000000000007,-0.25899999999999995,-0.3390000000000001,-0.218,-1.9,0.019000000000000017,0.10000000000000003,0,0,-7,-6.6,-0.11100000000000004,-75,-3,-1,-6,-5,-12,0,2
Mike Trout,LAA,-7,-7.2,9.399999999999999,-0.29000000000000004,-15.099999999999998,-3.299999999999997,-0.15999999999999998,-0.18000000000000005,-0.623,-0.8039999999999999,-0.46399999999999997,0.10000000000000009,-0.09099999999999997,0,0,0.2,-16,-15,-0.31200000000000006,-220,-9,-9,-5,-7,-11,1,2
Joey Gallo,NYY,-12,2.6999999999999993,-5.399999999999999,0.14,-16.200000000000003,-30.300000000000004,-0.038000000000000006,-0.008000000000000007,-0.138,-0.14500000000000002,-0.09999999999999998,-1.2000000000000002,-0.035,0,-0.09999999999999998,-0.2,-3,-1.7,-0.046999999999999986,-33,-5,-3,-1,-2,-6,-1,2
Austin Slater,SFG,11,-2.9000000000000004,-3.5,-0.04999999999999999,-18.5,-37.1,0.015000000000000013,-0.01200000000000001,-0.2899999999999999,-0.30099999999999993,-0.304,-2.1000000000000005,0.08100000000000002,0.09999999999999998,0,0.09999999999999998,-1,-2.3999999999999995,-0.10400000000000004,-71,1,4,0,-3,0,1,2
Ryan Jeffers,MIN,4,-12.1,3.5,-0.7000000000000001,-19.200000000000003,-9.199999999999996,-0.10199999999999995,-0.178,-0.2579999999999999,-0.43500000000000005,-0.15599999999999997,-0.7999999999999998,-0.122,0,0,0,-4,-4.8,-0.17600000000000005,-124,-3,-1,-4,0,-1,0,2
Seby Zavala,CHW,19,4.8999999999999995,-8.100000000000001,0.20000000000000004,-22.2,-14.399999999999999,0.01599999999999996,0.07500000000000001,-0.10499999999999998,-0.030000000000000027,-0.12100000000000002,-0.5,0.035999999999999976,-0.4,0.2,-0.1,3,0.7000000000000001,0.008000000000000007,5,1,5,3,-1,2,0,2
